{
  "alpha": 0.7902571445799497,
  "beta": 0.28805564979270193,
  "interpretation": "LLM overshoots by 21% on average, with +0.29 baseline shift",
  "train_size": 134,
  "test_size": 66,
  "brier_uncalibrated": 0.17733636363636363,
  "brier_calibrated": 0.1718421497824194,
  "brier_improvement": 0.005494213853944219,
  "p_value": 0.4,
  "ci_95_lower": -0.03645169362086388,
  "ci_95_upper": 0.053234692787137786,
  "significant": false
}