{
  "results": [
    {
      "pair_id": "0x86d3e198cc89b22d04ea77fd9d760b557d934d04d974578526ac4b063d588113_0xa6852cb4eaf23193e9dc073471131102017ba31ac9571f5ee8a12c4cc1800d7c",
      "category": "strong",
      "reason": "Both about AI model leadership - Chinese AI vs DeepSeek having top model",
      "p_a": 0.3,
      "p_a_given_b1": 0.72,
      "p_a_given_b0": 0.25,
      "p_b": 0.12,
      "p_b_given_a1": 0.25,
      "p_b_given_a0": 0.05,
      "joint_11_via_a": 0.08639999999999999,
      "joint_11_via_b": 0.075,
      "joint_10_via_a": 0.22,
      "joint_10_via_b": 0.22499999999999998,
      "joint_01_via_a": 0.033600000000000005,
      "joint_01_via_b": 0.034999999999999996,
      "bayes_error_11": 0.011399999999999993,
      "bayes_error_10": 0.004999999999999977,
      "bayes_error_01": 0.0013999999999999915,
      "bayes_error_mean": 0.005933333333333321,
      "lotp_error_a": 0.006400000000000017,
      "lotp_error_b": 0.010000000000000009,
      "text_a": "Will a Chinese AI model become #1 in 2025? ",
      "text_b": "Will DeepSeek have the top AI model on December 31?"
    },
    {
      "pair_id": "0x310c3d08f015157ec78e04f3f4fefed659b5e2bd88ae80cb38ff27ef970c39bd_C8MtRn2ixX8Y0rV2Oqcy",
      "category": "strong",
      "reason": "Both about OpenAI achieving AGI in 2025",
      "p_a": 0.25,
      "p_a_given_b1": 0.75,
      "p_a_given_b0": 0.05,
      "p_b": 0.4,
      "p_b_given_a1": 0.95,
      "p_b_given_a0": 0.18,
      "joint_11_via_a": 0.30000000000000004,
      "joint_11_via_b": 0.2375,
      "joint_10_via_a": 0.03,
      "joint_10_via_b": 0.012500000000000011,
      "joint_01_via_a": 0.1,
      "joint_01_via_b": 0.135,
      "bayes_error_11": 0.06250000000000006,
      "bayes_error_10": 0.017499999999999988,
      "bayes_error_01": 0.035,
      "bayes_error_mean": 0.03833333333333335,
      "lotp_error_a": 0.08000000000000007,
      "lotp_error_b": 0.027500000000000024,
      "text_a": "OpenAI announces it has achieved AGI in 2025?",
      "text_b": "Will OpenAI hint at [read description] or claim to have AGI by 2025 end?"
    },
    {
      "pair_id": "0xcddb4f52babca280f8e5fc4b9146f2520f0bfb88e134ff9ac8d52ea674185d79_0xc2846f35e85eb09a094edbd4e93e345d3c682dc0436615adc27122222fccbd81",
      "category": "strong",
      "reason": "Both about Fed rate cuts in 2025 - emergency cut vs 4 cuts",
      "p_a": 0.2,
      "p_a_given_b1": 0.45,
      "p_a_given_b0": 0.12,
      "p_b": 0.35,
      "p_b_given_a1": 0.72,
      "p_b_given_a0": 0.28,
      "joint_11_via_a": 0.1575,
      "joint_11_via_b": 0.144,
      "joint_10_via_a": 0.078,
      "joint_10_via_b": 0.05600000000000001,
      "joint_01_via_a": 0.1925,
      "joint_01_via_b": 0.22400000000000003,
      "bayes_error_11": 0.013500000000000012,
      "bayes_error_10": 0.021999999999999992,
      "bayes_error_01": 0.03150000000000003,
      "bayes_error_mean": 0.022333333333333344,
      "lotp_error_a": 0.035499999999999976,
      "lotp_error_b": 0.018000000000000016,
      "text_a": "Fed emergency rate cut in 2025?",
      "text_b": "Will 4 Fed rate cuts happen in 2025?"
    }
  ],
  "metadata": {
    "run_at": "2026-01-07T17:23:21.879528",
    "model": "claude-sonnet-4-20250514",
    "thinking": true,
    "num_pairs": 3,
    "num_successful": 3
  }
}